-- Dragon Ball MySQL to PostgreSQL migration script
-- Estructura y datos adaptados automáticamente

-- 1. PLANETS
DROP TABLE IF EXISTS planets CASCADE;
CREATE TABLE planets (
  id SERIAL PRIMARY KEY,
  name VARCHAR(255) NOT NULL UNIQUE,
  image VARCHAR(255) NOT NULL,
  isDestroyed SMALLINT NOT NULL,
  description TEXT NOT NULL,
  deletedAt TIMESTAMP(6)
);

-- 2. CHARACTERS
DROP TABLE IF EXISTS characters CASCADE;
CREATE TABLE characters (
  id SERIAL PRIMARY KEY,
  name VARCHAR(255) NOT NULL,
  image VARCHAR(255) NOT NULL,
  ki VARCHAR(255) NOT NULL,
  maxKi VARCHAR(255) NOT NULL,
  race VARCHAR(32) NOT NULL,
  gender VARCHAR(16) NOT NULL,
  affiliation VARCHAR(32) NOT NULL,
  description TEXT NOT NULL,
  originPlanetId INTEGER REFERENCES planets(id),
  deletedAt TIMESTAMP(6)
);

-- 3. TRANSFORMATIONS
DROP TABLE IF EXISTS transformations CASCADE;
CREATE TABLE transformations (
  id SERIAL PRIMARY KEY,
  name VARCHAR(255) NOT NULL,
  image VARCHAR(255) NOT NULL,
  ki VARCHAR(255) NOT NULL,
  characterId INTEGER REFERENCES characters(id),
  deletedAt TIMESTAMP(6)
);

-- Borra todos los datos de las tablas antes de importar
TRUNCATE TABLE transformations RESTART IDENTITY CASCADE;
TRUNCATE TABLE characters RESTART IDENTITY CASCADE;
TRUNCATE TABLE planets RESTART IDENTITY CASCADE;

-- INSERTS DE PLANETS
INSERT INTO planets (id, name, image, isDestroyed, description, deletedAt) VALUES
(1,'Namek','/dragonball-api/planetas/Namek_U7.webp',1,'Planeta natal de los Namekianos. Escenario de importantes batallas y la obtención de las Dragon Balls de Namek.',NULL),
(2,'Tierra','/dragonball-api/planetas/Tierra_Dragon_Ball_Z.webp',0,'La Tierra también llamado Mundo del Dragón (Dragon World), es el planeta principal donde se desarrolla la serie de Dragon Ball. Se encuentra en el Sistema Solar de la Vía Láctea de las Galaxias del Norte del Universo 7, lugar que supervisa el Kaio del Norte, y tiene su equivalente en el Universo 6. El hogar de los terrícolas y los Guerreros Z. Ha sido atacado en varias ocasiones por enemigos poderosos.',NULL),
(3,'Vegeta','/dragonball-api/planetas/Planeta_Vegeta_en_Dragon_Ball_Super_Broly.webp',1,'El planeta Vegeta, conocido como planeta Plant antes del fin de la Guerra Saiyan-tsufruiana en el año 730, es un planeta rocoso ficticio de la serie de manga y anime Dragon Ball y localizado en la Vía Láctea de las Galaxias del Norte del Universo 7 hasta su destrucción a manos de Freezer en los años 737-739. Planeta natal de los Saiyans, destruido por Freezer. Anteriormente conocido como Planeta Plant.',NULL),
(4,'Freezer No. 79','/dragonball-api/planetas/PlanetaFreezer.webp',1,'Planeta artificial utilizado por Freezer como base de operaciones y centro de clonación.',NULL),
(5,'Kanassa','/dragonball-api/planetas/800px-PlanetKannasa.webp',1,'Planeta habitado por los Kanassans y conocido por la lucha entre Bardock y los habitantes del planeta.',NULL),
(6,'Monmar','/dragonball-api/planetas/monmar.webp',0,'Planeta donde Gohan y Krillin encontraron las Dragon Balls para revivir a sus amigos durante la Saga de Namek.',NULL),
(7,'Yardrat','/dragonball-api/planetas/PlanetYardrat.webp',0,'Planeta de la técnica Instant Transmission, aprendida por Goku durante su estancia.',NULL),
(11,'Kaiō del Norte','/dragonball-api/planetas/Planeta_del_Kaio_del_Norte.webp',0,'El Planeta Kaio se encuentra al final del largo Camino de la Serpiente. Es donde viven el Kaio del Norte, su mascota Bubbles, al que utiliza como parte de su entrenamiento, y Gregory.',NULL),
(13,'Makyo','/dragonball-api/planetas/Makyo_star.webp',0,'Makyo es un planeta y la fuente de alimentación de todos los malévolos, especialmente Garlic Jr., que solo aparece durante el Arco de Garlic Jr. de Dragon Ball Z.',NULL),
(14,'Babari','/dragonball-api/planetas/Planeta_Babari.webp',0,'Planeta habitado por los Babari, es un planeta telúrico del Universo 10 donde residen los babarianos, hizo su primera aparición en el episodio 54 de Dragon Ball Super. Es donde Tarble, el hermano de Vegeta, se refugió.',NULL),
(15,'Tsufur (Universo 6)','/dragonball-api/planetas/tsufur.webp',0,'Planeta natal de los Tsufur, la raza a la que pertenecía el Dr. Raichi.',NULL),
(16,'Desconocido','/dragonball-api/planetas/planetwhatis.webp',0,'Sin informacion',NULL),
(18,'Otro Mundo','/dragonball-api/planetas/otro mundo.webp',0,'El Otro Mundo en contraparte al Mundo de los vivos, es, en Dragon Ball, la versión del mundo de los muertos. Es donde los personajes van cuando mueren, y también donde residen las deidades superiores del universo. En el episodio 53 del anime, el Otro Mundo fue descrito como "la dimensión siguiente", y el acto de desear traer a la vida a una persona muerta con las Esferas del Dragón se llama "traer (a ellos) a esta dimensión.',NULL),
(19,'Planeta de Bills ','/dragonball-api/planetas/Templo_de_Bills2.webp',0,'Planeta de Bills un cuerpo celeste ubicado dentro del mundo de los vivos del Universo 7, el cual aparece por primera vez en la película Dragon Ball Z: La Batalla de los Dioses.',NULL),
(20,'Planeta del Gran Kaio','/dragonball-api/planetas/Planetadaikaiosama.webp',0,'El Planeta del Gran Kaio es donde se organiza el Torneo de Artes Marciales del Otro Mundo en honor a la muerte del Kaio del Norte (Kaito), donde participan guerreros poderosos.',NULL),
(21,'Nucleo del Mundo','/dragonball-api/planetas/nucleo_mundo.webp',0,'El Núcleo del Mundo es el planeta nativo de toda la especie nucleica, del cual surgen los benévolos Kaio y Kaio-shin, así como los malévolos Makaio, Makaio-shin y Dioses Demoníacos en contrapartida.',NULL),
(22,'Planeta sagrado','/dragonball-api/planetas/Planeta_Sagrado.webp',0,'El Planeta Sagrado es el planeta localizado en el Reino Kaio-shin donde residen los Kaio-shin del Universo 7. No debe ser confundido con el Núcleo del Mundo.El Reino de los Kaio-shin, en el cual se encuentra localizado el planeta, es un reino especial completamente separado en el macrocosmos del Universo 7, es decir, está separado del Otro Mundo, del Mundo de los vivos y del Reino Demoníaco Oscuro.',NULL),
(23,'Nuevo Planeta Tsufrui','/dragonball-api/planetas/Nuevo_planeta_plant.webp',0,'El Nuevo Planeta Plant, también conocido como el Nuevo Planeta Tsufru, es el nombre que se le da al nuevo hogar de los Tsufruianos controlados por Vegeta Baby, ocasionado gracias al deseo concedido por medio de las Esferas del Dragón Definitivas de restaurar el Planeta Plant en la órbita de la Tierra.',NULL),
(24,'Templo móvil del Rey de Todo','/dragonball-api/planetas/Trono_del_Rey_de_Todo.webp',0,'El templo móvil del Rey de Todo (sala del trono), es como su nombre lo indica, un templo móvil en el cual reside los tronos de los dos Reyes de Todo en el Lugar de Supervivencia en Dragon Ball Super.',NULL),
(25,'Universo 11','/dragonball-api/planetas/Universo_11.webp',0,'El Universo 11, es, como su nombre lo indica, el undécimo de los doce universos existentes actualmente en el mundo de Dragon Ball. Este es gemelo del Universo 2 y el lugar de origen de las Tropas del Orgullo.',NULL);

-- INSERTS DE CHARACTERS
INSERT INTO characters (id, name, image, ki, maxKi, race, gender, affiliation, description, originPlanetId, deletedAt) VALUES
(1,'Goku','/dragonball-api/characters/goku_normal.webp','60.000.000','90 Septillion','Saiyan','Male','Z Fighter','El protagonista de la serie, conocido por su gran poder y personalidad amigable. Originalmente enviado a la Tierra como un infante volador con la misión de conquistarla. Sin embargo, el caer por un barranco le proporcionó un brutal golpe que si bien casi lo mata, este alteró su memoria y anuló todos los instintos violentos de su especie, lo que lo hizo crecer con un corazón puro y bondadoso, pero conservando todos los poderes de su raza. No obstante, en la nueva continuidad de Dragon Ball se establece que él fue enviado por sus padres a la Tierra con el objetivo de sobrevivir a toda costa a la destrucción de su planeta por parte de Freeza. Más tarde, Kakarot, ahora conocido como Son Goku, se convertiría en el príncipe consorte del monte Fry-pan y líder de los Guerreros Z, así como el mayor defensor de la Tierra y del Universo 7, logrando mantenerlos a salvo de la destrucción en innumerables ocasiones, a pesar de no considerarse a sí mismo como un héroe o salvador.',2,NULL),
(2,'Vegeta','/dragonball-api/characters/vegeta_normal.webp','54.000.000','19.84 Septillion','Saiyan','Male','Z Fighter','Príncipe de los Saiyans, inicialmente un villano, pero luego se une a los Z Fighters. A pesar de que a inicios de Dragon Ball Z, Vegeta cumple un papel antagónico, poco después decide rebelarse ante el Imperio de Freeza, volviéndose un aliado clave para los Guerreros Z. Con el paso del tiempo llegaría a cambiar su manera de ser, optando por permanecer y vivir en la Tierra para luchar a su lado contra las inminentes adversidades que superar. Junto con Piccolo, él es de los antiguos enemigos de Goku que ha evolucionando al pasar de ser un villano y antihéroe, a finalmente un héroe a lo largo del transcurso de la historia, convirtiéndose así en el deuteragonista de la serie.',3,NULL),
(3,'Piccolo','/dragonball-api/characters/piccolo.webp','3.000.000','1.000.000.000','Namekian','Male','Z Fighter','Un guerrero Namekiano que es uno de los aliados más cercanos de Goku. Piccolo es un luchador muy poderoso y un estratega brillante. Originalmente un enemigo de Goku, Piccolo se convierte en uno de sus aliados más importantes y mentor de Gohan. A lo largo de la serie, Piccolo demuestra ser un personaje muy sabio y poderoso, y juega un papel clave en la derrota de varios villanos.',1,NULL),
(4,'Bulma','/dragonball-api/characters/bulma.webp','10.000.000','1.000.000.000','Human','Female','Z Fighter','Una brillante científica y una de las amigas más cercanas de Goku. Bulma es conocida por su gran inteligencia y habilidades técnicas. Aunque no es una luchadora, Bulma ha sido una aliada clave para los Guerreros Z, proporcionando apoyo técnico y estratégico.',2,NULL),
(5,'Freezer','/dragonball-api/characters/freezer.webp','120.000','1.000.000.000','Alien','Male','Villain','Un tirano intergaláctico y uno de los villanos más poderosos de la serie. Freezer es el líder del Imperio de Freezer y es responsable de la destrucción del planeta Vegeta y la mayoría de los Saiyans. Es un enemigo muy astuto y poderoso, y ha sido derrotado por Goku en varias ocasiones. Freezer tiene la capacidad de transformarse en varias formas, cada una más poderosa que la anterior.',3,NULL),
(6,'Cell','/dragonball-api/characters/cell.webp','10.000.000','1.000.000.000','Android','Male','Villain','Un bio-androide y uno de los villanos más poderosos de la serie. Cell es un ser creado por el Dr. Gero con el ADN de varios guerreros poderosos, incluyendo a Goku, Vegeta, Piccolo y Freezer. Cell tiene la capacidad de transformarse en varias formas, cada una más poderosa que la anterior, y puede absorber a otros androides para aumentar su poder. Es el principal antagonista de la Saga de los Androides y la Saga de Cell.',2,NULL),
(7,'Buu','/dragonball-api/characters/buu.webp','10.000.000','1.000.000.000','Majin','Male','Villain','Un antiguo y poderoso ser maligno que es uno de los villanos más poderosos de la serie. Buu tiene la capacidad de regenerarse y cambiar de forma, y puede absorber a otros seres para aumentar su poder. Es el principal antagonista de la Saga de Majin Buu.',3,NULL),
(8,'Broly','/dragonball-api/characters/broly.webp','10.000.000','1.000.000.000','Saiyan','Male','Villain','Un Saiyan legendario y uno de los villanos más poderosos de la serie. Broly es conocido por su increíble poder y su capacidad para transformarse en el Super Saiyan Legendario. Es el principal antagonista de la película "Dragon Ball Z: Broly - El Legendario Super Saiyan".',2,NULL),
(9,'Gogeta','/dragonball-api/characters/gogeta.webp','10.000.000','1.000.000.000','Saiyan','Male','Z Fighter','Una fusión entre Goku y Vegeta, realizada mediante el uso de los Pendientes Pothala. Gogeta es un guerrero extremadamente poderoso y es considerado uno de los personajes más fuertes de la serie. Hace su primera aparición en la película "Dragon Ball Z: Fusión Reborn".',3,NULL),
(10,'Vegetto','/dragonball-api/characters/vegetto.webp','10.000.000','1.000.000.000','Saiyan','Male','Z Fighter','Una fusión entre Goku y Vegeta, realizada mediante el uso de la Danza de la Fusión. Vegetto es un guerrero extremadamente poderoso y es considerado uno de los personajes más fuertes de la serie. Hace su primera aparición en la Saga de Buu.',3,NULL),
(11,'Trunks','/dragonball-api/characters/trunks.webp','10.000.000','1.000.000.000','Saiyan','Male','Z Fighter','Hijo de Vegeta y Bulma. Trunks es un guerrero muy poderoso y juega un papel clave en la derrota de varios villanos. Es conocido por su gran velocidad y habilidad con la espada. Trunks también tiene la capacidad de transformarse en Super Saiyan.',2,NULL),
(12,'Goten','/dragonball-api/characters/goten.webp','10.000.000','1.000.000.000','Saiyan','Male','Z Fighter','Hijo de Goku y Chi-Chi. Goten es un guerrero muy poderoso y juega un papel clave en la derrota de varios villanos. Es conocido por su gran velocidad y habilidad con la espada. Goten también tiene la capacidad de transformarse en Super Saiyan.',2,NULL),
(13,'Pan','/dragonball-api/characters/pan.webp','10.000.000','1.000.000.000','Half-Saiyan','Female','Z Fighter','Hija de Goku y Chi-Chi, y nieta de Bardock y Gine. Pan es una guerrera muy poderosa y juega un papel clave en la derrota de varios villanos. A pesar de su juventud, Pan ya ha demostrado tener un gran poder y habilidades de combate.',2,NULL),
(14,'Videl','/dragonball-api/characters/videl.webp','10.000.000','1.000.000.000','Human','Female','Z Fighter','Hija de Mr. Satan y esposa de Gohan. Videl es una luchadora muy fuerte y ha sido entrenada en artes marciales desde joven. A pesar de no tener el mismo nivel de poder que los Saiyans, Videl ha demostrado ser una guerrera valiente y capaz.',2,NULL),
(15,'Bulma','/dragonball-api/characters/bulma.webp','10.000.000','1.000.000.000','Human','Female','Z Fighter','Una brillante científica y una de las amigas más cercanas de Goku. Bulma es conocida por su gran inteligencia y habilidades técnicas. Aunque no es una luchadora, Bulma ha sido una aliada clave para los Guerreros Z, proporcionando apoyo técnico y estratégico.',2,NULL),
(16,'Chi-Chi','/dragonball-api/characters/chi-chi.webp','10.000.000','1.000.000.000','Human','Female','Z Fighter','Esposa de Goku y madre de Gohan y Goten. Chi-Chi es una guerrera muy fuerte y ha sido entrenada en artes marciales desde joven. A pesar de no tener el mismo nivel de poder que los Saiyans, Chi-Chi ha demostrado ser una luchadora valiente y capaz.',2,NULL),
(17,'Yamcha','/dragonball-api/characters/yamcha.webp','10.000.000','1.000.000.000','Human','Male','Z Fighter','Un guerrero humano y uno de los amigos más cercanos de Goku. Yamcha es un luchador muy fuerte y ha sido entrenado en artes marciales desde joven. A pesar de no tener el mismo nivel de poder que los Saiyans, Yamcha ha demostrado ser un guerrero valiente y capaz.',2,NULL),
(18,'Tenshinhan','/dragonball-api/characters/tenshinhan.webp','10.000.000','1.000.000.000','Human','Male','Z Fighter','Un guerrero humano y uno de los amigos más cercanos de Goku. Tenshinhan es un luchador muy fuerte y ha sido entrenado en artes marciales desde joven. A pesar de no tener el mismo nivel de poder que los Saiyans, Tenshinhan ha demostrado ser un guerrero valiente y capaz.',2,NULL),
(19,'Chiaotzu','/dragonball-api/characters/chiaotzu.webp','10.000.000','1.000.000.000','Human','Male','Z Fighter','Un guerrero humano y uno de los amigos más cercanos de Goku. Chiaotzu es un luchador muy fuerte y ha sido entrenado en artes marciales desde joven. A pesar de no tener el mismo nivel de poder que los Saiyans, Chiaotzu ha demostrado ser un guerrero valiente y capaz.',2,NULL),
(20,'Mr. Satan','/dragonball-api/characters/mr-satan.webp','10.000.000','1.000.000.000','Human','Male','Z Fighter','Un guerrero humano y uno de los amigos más cercanos de Goku. Mr. Satan es un luchador muy fuerte y ha sido entrenado en artes marciales desde joven. A pesar de no tener el mismo nivel de poder que los Saiyans, Mr. Satan ha demostrado ser un guerrero valiente y capaz.',2,NULL),
(21,'Dende','/dragonball-api/characters/dende.webp','10.000.000','1.000.000.000','Namekian','Male','Z Fighter','Un joven Namekiano que se convierte en el nuevo Dios de la Tierra después de la muerte de Kami. Dende tiene la capacidad de curar a otros y es un aliado clave para los Guerreros Z.',1,NULL),
(22,'Kami','/dragonball-api/characters/kami.webp','10.000.000','1.000.000.000','Namekian','Male','Z Fighter','El antiguo Dios de la Tierra y un aliado clave para los Guerreros Z. Kami es un personaje muy sabio y poderoso, y juega un papel clave en la derrota de varios villanos.',1,NULL),
(23,'King Kai','/dragonball-api/characters/king-kai.webp','10.000.000','1.000.000.000','Kai','Male','Z Fighter','Un Kai benevolente que ayuda a los Guerreros Z en su lucha contra los villanos. King Kai es un personaje muy sabio y poderoso, y juega un papel clave en la derrota de varios villanos.',1,NULL),
(24,'Grand Kai','/dragonball-api/characters/grand-kai.webp','10.000.000','1.000.000.000','Kai','Male','Z Fighter','El líder de los Kai y un aliado clave para los Guerreros Z. Grand Kai es un personaje muy sabio y poderoso, y juega un papel clave en la derrota de varios villanos.',1,NULL),
(25,'Supreme Kai','/dragonball-api/characters/supreme-kai.webp','10.000.000','1.000.000.000','Kai','Male','Z Fighter','El Kai supremo y un aliado clave para los Guerreros Z. Supreme Kai es un personaje muy sabio y poderoso, y juega un papel clave en la derrota de varios villanos.',1,NULL),
(26,'Beerus','/dragonball-api/characters/beerus.webp','10.000.000','1.000.000.000','God','Male','Z Fighter','El Dios de la Destrucción del Universo 7 y un aliado clave para los Guerreros Z. Beerus es un personaje muy poderoso y juega un papel clave en la derrota de varios villanos.',1,NULL),
(27,'Whis','/dragonball-api/characters/whis.webp','10.000.000','1.000.000.000','Angel','Male','Z Fighter','Un ángel y asistente de Beerus. Whis es un personaje muy poderoso y juega un papel clave en la derrota de varios villanos.',1,NULL),
(28,'Vados','/dragonball-api/characters/vados.webp','10.000.000','1.000.000.000','Angel','Female','Z Fighter','Un ángel y asistente de Champa. Vados es un personaje muy poderoso y juega un papel clave en la derrota de varios villanos.',1,NULL),
(29,'Champa','/dragonball-api/characters/champa.webp','10.000.000','1.000.000.000','God','Male','Z Fighter','El Dios de la Destrucción del Universo 6 y un aliado clave para los Guerreros Z. Champa es un personaje muy poderoso y juega un papel clave en la derrota de varios villanos.',1,NULL),
(30,'Hit','/dragonball-api/characters/hit.webp','10.000.000','1.000.000.000','Human','Male','Z Fighter','Un asesino a sueldo y un aliado clave para los Guerreros Z. Hit es un personaje muy poderoso y juega un papel clave en la derrota de varios villanos.',1,NULL),
(31,'Jiren','/dragonball-api/characters/jiren.webp','10.000.000','1.000.000.000','Human','Male','Z Fighter','Un guerrero extremadamente poderoso y un aliado clave para los Guerreros Z. Jiren es un personaje muy poderoso y juega un papel clave en la derrota de varios villanos.',1,NULL),
(32,'Toppo','/dragonball-api/characters/toppo.webp','10.000.000','1.000.000.000','Human','Male','Z Fighter','Un guerrero muy poderoso y un aliado clave para los Guerreros Z. Toppo es un personaje muy poderoso y juega un papel clave en la derrota de varios villanos.',1,NULL),
(33,'Dyspo','/dragonball-api/characters/dyspo.webp','10.000.000','1.000.000.000','Human','Male','Z Fighter','Un guerrero muy rápido y un aliado clave para los Guerreros Z. Dyspo es un personaje muy poderoso y juega un papel clave en la derrota de varios villanos.',1,NULL),
(34,'Kefla','/dragonball-api/characters/kefla.webp','10.000.000','1.000.000.000','Saiyan','Female','Z Fighter','Una fusión entre Caulifla y Kale, realizada mediante el uso de los Pendientes Pothala. Kefla es una guerrera extremadamente poderosa y es considerada uno de los personajes más fuertes de la serie. Hace su primera aparición en el Torneo del Poder.',1,NULL),
(35,'Caulifla','/dragonball-api/characters/caulifla.webp','10.000.000','1.000.000.000','Saiyan','Female','Z Fighter','Una Saiyan del Universo 6 y una de las guerreras más poderosas de la serie. Caulifla es conocida por su gran poder y habilidad para transformarse en Super Saiyan. Es una de las participantes más destacadas en el Torneo del Poder.',1,NULL),
(36,'Kale','/dragonball-api/characters/kale.webp','10.000.000','1.000.000.000','Saiyan','Female','Z Fighter','Una Saiyan del Universo 6 y una de las guerreras más poderosas de la serie. Kale es conocida por su gran poder y habilidad para transformarse en Super Saiyan. Es una de las participantes más destacadas en el Torneo del Poder.',1,NULL),
(37,'Frost','/dragonball-api/characters/frost.webp','10.000.000','1.000.000.000','Alien','Male','Villain','Un villano del Universo 6 y uno de los antagonistas más poderosos de la serie. Frost es un tirano intergaláctico y un enemigo muy astuto y poderoso. Hace su primera aparición en el Torneo del Poder.',1,NULL),
(38,'Magetta','/dragonball-api/characters/magetta.webp','10.000.000','1.000.000.000','Robot','Male','Villain','Un villano del Universo 6 y uno de los antagonistas más poderosos de la serie. Magetta es un robot de combate muy poderoso y un enemigo muy astuto. Hace su primera aparición en el Torneo del Poder.',1,NULL),
(39,'Ribrianne','/dragonball-api/characters/ribrianne.webp','10.000.000','1.000.000.000','Human','Female','Villain','Una villana del Universo 2 y una de las antagonistas más poderosas de la serie. Ribrianne es una guerrera muy poderosa y tiene la capacidad de transformarse en una forma más poderosa. Hace su primera aparición en el Torneo del Poder.',1,NULL),
(40,'Kefla (Super Saiyan)','/dragonball-api/characters/kefla-ss.webp','10.000.000','1.000.000.000','Saiyan','Female','Z Fighter','La forma Super Saiyan de Kefla. En esta forma, Kefla tiene un aumento masivo en su poder y habilidades de combate. Hace su primera aparición en el Torneo del Poder.',1,NULL),
(41,'Goku (Ultra Instinct)','/dragonball-api/characters/goku-ui.webp','10.000.000','1.000.000.000','Saiyan','Male','Z Fighter','Una de las formas más poderosas de Goku, que le permite moverse y luchar sin pensar, reaccionando instintivamente a los ataques enemigos. En esta forma, Goku tiene un aumento masivo en su poder y habilidades de combate. Hace su primera aparición en el Torneo del Poder.',1,NULL),
(42,'Vegeta (Ultra Instinct)','/dragonball-api/characters/vegeta-ui.webp','10.000.000','1.000.000.000','Saiyan','Male','Z Fighter','Una de las formas más poderosas de Vegeta, que le permite moverse y luchar sin pensar, reaccionando instintivamente a los ataques enemigos. En esta forma, Vegeta tiene un aumento masivo en su poder y habilidades de combate. Hace su primera aparición en el Torneo del Poder.',1,NULL),
(43,'Jiren (Full Power)','/dragonball-api/characters/jiren-full.webp','10.000.000','1.000.000.000','Human','Male','Z Fighter','La forma de poder completo de Jiren. En esta forma, Jiren tiene un aumento masivo en su poder y habilidades de combate. Hace su primera aparición en el Torneo del Poder.',1,NULL),
(44,'Toppo (God of Destruction)','/dragonball-api/characters/toppo-god.webp','10.000.000','1.000.000.000','Human','Male','Z Fighter','La forma de Dios de la Destrucción de Toppo. En esta forma, Toppo tiene un aumento masivo en su poder y habilidades de combate. Hace su primera aparición en el Torneo del Poder.',1,NULL),
(45,'Kefla (Super Saiyan 2)','/dragonball-api/characters/kefla-ssj2.webp','10.000.000','1.000.000.000','Saiyan','Female','Z Fighter','La forma Super Saiyan 2 de Kefla. En esta forma, Kefla tiene un aumento masivo en su poder y habilidades de combate. Hace su primera aparición en el Torneo del Poder.',1,NULL),
(46,'Goku (Super Saiyan Blue Kaioken)','/dragonball-api/characters/goku-ssb-kaio.webp','10.000.000','1.000.000.000','Saiyan','Male','Z Fighter','Una de las formas más poderosas de Goku, que combina la forma Super Saiyan Blue con el Kaio-ken. En esta forma, Goku tiene un aumento masivo en su poder y habilidades de combate. Hace su primera aparición en el Torneo del Poder.',1,NULL),
(47,'Vegeta (Super Saiyan Blue Evolved)','/dragonball-api/characters/vegeta-ssbe.webp','10.000.000','1.000.000.000','Saiyan','Male','Z Fighter','Una de las formas más poderosas de Vegeta, que es una versión evolucionada de la forma Super Saiyan Blue. En esta forma, Vegeta tiene un aumento masivo en su poder y habilidades de combate. Hace su primera aparición en el Torneo del Poder.',1,NULL),
(48,'Gogeta (Super Saiyan Blue)','/dragonball-api/characters/gogeta-ssb.webp','10.000.000','1.000.000.000','Saiyan','Male','Z Fighter','Una de las formas más poderosas de Gogeta, que es una combinación de las formas Super Saiyan de Goku y Vegeta. En esta forma, Gogeta tiene un aumento masivo en su poder y habilidades de combate. Hace su primera aparición en la película "Dragon Ball Z: Fusión Reborn".',1,NULL),
(49,'Vegetto (Super Saiyan Blue)','/dragonball-api/characters/vegetto-ssb.webp','10.000.000','1.000.000.000','Saiyan','Male','Z Fighter','Una de las formas más poderosas de Vegetto, que es una combinación de las formas Super Saiyan de Goku y Vegeta. En esta forma, Vegetto tiene un aumento masivo en su poder y habilidades de combate. Hace su primera aparición en la Saga de Buu.',1,NULL),
(50,'Broly (Full Power)','/dragonball-api/characters/broly-full.webp','10.000.000','1.000.000.000','Saiyan','Male','Z Fighter','La forma de poder completo de Broly. En esta forma, Broly tiene un aumento masivo en su poder y habilidades de combate. Hace su primera aparición en la película "Dragon Ball Z: Broly - El Legendario Super Saiyan".',1,NULL),
(51,'Goku (Spirit Bomb)','/dragonball-api/characters/goku-genki-dama.webp','10.000.000','1.000.000.000','Saiyan','Male','Z Fighter','Una de las técnicas más poderosas de Goku, que le permite reunir energía de todos los seres vivos para crear una bomba de energía masiva. Esta técnica es capaz de destruir planetas enteros. Hace su primera aparición en la Saga de Freezer.',1,NULL),
(52,'Vegeta (Final Flash)','/dragonball-api/characters/vegeta-final-flash.webp','10.000.000','1.000.000.000','Saiyan','Male','Z Fighter','Una de las técnicas más poderosas de Vegeta, que le permite liberar toda su energía en un poderoso rayo de energía. Esta técnica es capaz de destruir planetas enteros. Hace su primera aparición en la Saga de Cell.',1,NULL),
(53,'Gohan (Masenko)','/dragonball-api/characters/gohan-masenko.webp','10.000.000','1.000.000.000','Half-Saiyan','Male','Z Fighter','Una de las técnicas más poderosas de Gohan, que le permite liberar toda su energía en un poderoso rayo de energía. Esta técnica es capaz de destruir planetas enteros. Hace su primera aparición en la Saga de Cell.',1,NULL),
(54,'Gotenks (Galactic Donuts)','/dragonball-api/characters/gotenks-galactic-donuts.webp','10.000.000','1.000.000.000','Saiyan','Male','Z Fighter','Una de las técnicas más poderosas de Gotenks, que le permite crear una serie de anillos de energía que pueden atrapar y restringir a sus enemigos. Esta técnica es capaz de contener a enemigos extremadamente poderosos. Hace su primera aparición en la Saga de Buu.',1,NULL),
(55,'Vegeta (Big Bang Attack)','/dragonball-api/characters/vegeta-big-bang-attack.webp','10.000.000','1.000.000.000','Saiyan','Male','Z Fighter','Una de las técnicas más poderosas de Vegeta, que le permite liberar una poderosa explosión de energía. Esta técnica es capaz de destruir planetas enteros. Hace su primera aparición en la Saga de Buu.',1,NULL),
(56,'Goku (Kamehameha)','/dragonball-api/characters/goku-kamehameha.webp','10.000.000','1.000.000.000','Saiyan','Male','Z Fighter','Una de las técnicas más poderosas de Goku, que le permite liberar un poderoso rayo de energía en forma de onda. Esta técnica es capaz de destruir planetas enteros. Hace su primera aparición en la Saga de Freezer.',1,NULL),
(57,'Gohan (Kamehameha)','/dragonball-api/characters/gohan-kamehameha.webp','10.000.000','1.000.000.000','Half-Saiyan','Male','Z Fighter','Una de las técnicas más poderosas de Gohan, que le permite liberar un poderoso rayo de energía en forma de onda. Esta técnica es capaz de destruir planetas enteros. Hace su primera aparición en la Saga de Cell.',1,NULL),
(58,'Trunks (Burning Attack)','/dragonball-api/characters/trunks-burning-attack.webp','10.000.000','1.000.000.000','Saiyan','Male','Z Fighter','Una de las técnicas más poderosas de Trunks, que le permite liberar un poderoso rayo de energía en forma de onda. Esta técnica es capaz de destruir planetas enteros. Hace su primera aparición en la Saga de Cell.',1,NULL),
(59,'Vegeta (Final Explosion)','/dragonball-api/characters/vegeta-final-explosion.webp','10.000.000','1.000.000.000','Saiyan','Male','Z Fighter','Una de las técnicas más poderosas de Vegeta, que le permite liberar toda su energía en una explosión masiva. Esta técnica es capaz de destruir planetas enteros. Hace su primera aparición en la Saga de Buu.',1,NULL),
(60,'Goku (Dragon Fist)','/dragonball-api/characters/goku-dragon-fist.webp','10.000.000','1.000.000.000','Saiyan','Male','Z Fighter','Una de las técnicas más poderosas de Goku, que le permite liberar un poderoso puñetazo de energía. Esta técnica es capaz de destruir planetas enteros. Hace su primera aparición en la Saga de Buu.',1,NULL),
(61,'Vegeta (Galick Gun)','/dragonball-api/characters/vegeta-galick-gun.webp','10.000.000','1.000.000.000','Saiyan','Male','Z Fighter','Una de las técnicas más poderosas de Vegeta, que le permite liberar un poderoso rayo de energía en forma de onda. Esta técnica es capaz de destruir planetas enteros. Hace su primera aparición en la Saga de Freezer.',1,NULL),
(62,'Gohan (Father-Son Kamehameha)','/dragonball-api/characters/gohan-father-son-kamehameha.webp','10.000.000','1.000.000.000','Half-Saiyan','Male','Z Fighter','Una de las técnicas más poderosas de Gohan, que le permite liberar un poderoso rayo de energía en forma de onda, combinado con el poder de su padre, Goku. Esta técnica es capaz de destruir planetas enteros. Hace su primera aparición en la Saga de Cell.',1,NULL),
(63,'Gotenks (Super Ghost Kamikaze Attack)','/dragonball-api/characters/gotenks-super-ghost.webp','10.000.000','1.000.000.000','Saiyan','Male','Z Fighter','Una de las técnicas más poderosas de Gotenks, que le permite crear una serie de fantasmas de energía que pueden atacar y explotar a sus enemigos. Esta técnica es capaz de contener a enemigos extremadamente poderosos. Hace su primera aparición en la Saga de Buu.',1,NULL),
(64,'Vegeta (Super Galick Gun)','/dragonball-api/characters/vegeta-super-galick-gun.webp','10.000.000','1.000.000.000','Saiyan','Male','Z Fighter','Una de las técnicas más poderosas de Vegeta, que le permite liberar un poderoso rayo de energía en forma de onda, combinado con el poder de su forma Super Saiyan. Esta técnica es capaz de destruir planetas enteros. Hace su primera aparición en la Saga de Buu.',1,NULL),
(65,'Goku (Super Kamehameha)','/dragonball-api/characters/goku-super-kamehameha.webp','10.000.000','1.000.000.000','Saiyan','Male','Z Fighter','Una de las técnicas más poderosas de Goku, que le permite liberar un poderoso rayo de energía en forma de onda, combinado con el poder de su forma Super Saiyan. Esta técnica es capaz de destruir planetas enteros. Hace su primera aparición en la Saga de Buu.',1,NULL),
(66,'Gohan (Super Masenko)','/dragonball-api/characters/gohan-super-masenko.webp','10.000.000','1.000.000.000','Half-Saiyan','Male','Z Fighter','Una de las técnicas más poderosas de Gohan, que le permite liberar un poderoso rayo de energía en forma de onda, combinado con el poder de su forma Super Saiyan. Esta técnica es capaz de destruir planetas enteros. Hace su primera aparición en la Saga de Buu.',1,NULL),
(67,'Trunks (Super Burning Attack)','/dragonball-api/characters/trunks-super-burning-attack.webp','10.000.000','1.000.000.000','Saiyan','Male','Z Fighter','Una de las técnicas más poderosas de Trunks, que le permite liberar un poderoso rayo de energía en forma de onda, combinado con el poder de su forma Super Saiyan. Esta técnica es capaz de destruir planetas enteros. Hace su primera aparición en la Saga de Buu.',1,NULL),
(68,'Vegeta (Super Final Flash)','/dragonball-api/characters/vegeta-super-final-flash.webp','10.000.000','1.000.000.000','Saiyan','Male','Z Fighter','Una de las técnicas más poderosas de Vegeta, que le permite liberar un poderoso rayo de energía en forma de onda, combinado con el poder de su forma Super Saiyan. Esta técnica es capaz de destruir planetas enteros. Hace su primera aparición en la Saga de Buu.',1,NULL),
(69,'Goku (Super Spirit Bomb)','/dragonball-api/characters/goku-super-genki-dama.webp','10.000.000','1.000.000.000','Saiyan','Male','Z Fighter','Una de las técnicas más poderosas de Goku, que le permite reunir energía de todos los seres vivos para crear una bomba de energía masiva, combinada con el poder de su forma Super Saiyan. Esta técnica es capaz de destruir planetas enteros. Hace su primera aparición en la Saga de Buu.',1,NULL),
(70,'Gohan (Super Saiyan 3)','/dragonball-api/characters/gohan-ssj3.webp','10.000.000','1.000.000.000','Half-Saiyan','Male','Z Fighter','Una de las técnicas más poderosas de Gohan, que le permite transformarse en Super Saiyan 3, una forma que le da un aumento masivo en su poder y habilidades de combate. Hace su primera aparición en la Saga de Buu.',1,NULL),
(71,'Gotenks (Super Saiyan 3)','/dragonball-api/characters/gotenks-ssj3.webp','10.000.000','1.000.000.000','Saiyan','Male','Z Fighter','Una de las técnicas más poderosas de Gotenks, que le permite transformarse en Super Saiyan 3, una forma que le da un aumento masivo en su poder y habilidades de combate. Hace su primera aparición en la Saga de Buu.',1,NULL),
(72,'Vegeta (Super Saiyan 4)','/dragonball-api/characters/vegeta-ssj4.webp','10.000.000','1.000.000.000','Saiyan','Male','Z Fighter','Una de las técnicas más poderosas de Vegeta, que le permite transformarse en Super Saiyan 4, una forma que le da un aumento masivo en su poder y habilidades de combate. Hace su primera aparición en la Saga de Buu.',1,NULL),
(73,'Goku (Super Saiyan 4)','/dragonball-api/characters/goku-ssj4.webp','10.000.000','1.000.000.000','Saiyan','Male','Z Fighter','Una de las técnicas más poderosas de Goku, que le permite transformarse en Super Saiyan 4, una forma que le da un aumento masivo en su poder y habilidades de combate. Hace su primera aparición en la Saga de Buu.',1,NULL),
(74,'Goku (Kamehameha x10)','/dragonball-api/characters/goku-kamehameha-x10.webp','10.000.000','1.000.000.000','Saiyan','Male','Z Fighter','Una de las técnicas más poderosas de Goku, que le permite liberar un poderoso rayo de energía en forma de onda, multiplicado por diez. Esta técnica es capaz de destruir planetas enteros. Hace su primera aparición en la Saga de Buu.',1,NULL),
(75,'Vegeta (Final Flash x10)','/dragonball-api/characters/vegeta-final-flash-x10.webp','10.000.000','1.000.000.000','Saiyan','Male','Z Fighter','Una de las técnicas más poderosas de Vegeta, que le permite liberar toda su energía en un poderoso rayo de energía, multiplicado por diez. Esta técnica es capaz de destruir planetas enteros. Hace su primera aparición en la Saga de Buu.',1,NULL),
(76,'Gohan (Masenko x10)','/dragonball-api/characters/gohan-masenko-x10.webp','10.000.000','1.000.000.000','Half-Saiyan','Male','Z Fighter','Una de las técnicas más poderosas de Gohan, que le permite liberar toda su energía en un poderoso rayo de energía, multiplicado por diez. Esta técnica es capaz de destruir planetas enteros. Hace su primera aparición en la Saga de Buu.',1,NULL),
(77,'Gotenks (Galactic Donuts x10)','/dragonball-api/characters/gotenks-galactic-donuts-x10.webp','10.000.000','1.000.000.000','Saiyan','Male','Z Fighter','Una de las técnicas más poderosas de Gotenks, que le permite crear una serie de anillos de energía que pueden atrapar y restringir a sus enemigos, multiplicado por diez. Esta técnica es capaz de contener a enemigos extremadamente poderosos. Hace su primera aparición en la Saga de Buu.',1,NULL),
(78,'Kibito','/dragonball-api/characters/Kibito_Artwork.webp','unknown','unknown','Nucleico','Male','Other','Kibito es el ayudante y guardaespaldas del Kaio-shin del Este. Es un experto combatiente y con ciertos poderes curativos y mágicos como corresponde a su función. Su técnica más conocida es el Kai-Kai.',21,NULL)
;

-- INSERTS DE TRANSFORMATIONS
INSERT INTO transformations (id, name, image, ki, characterId, deletedAt) VALUES
(1,'Goku SSJ','/dragonball-api/transformaciones/goku_ssj.webp','3 Billion',1,NULL),
(2,'Goku SSJ2','/dragonball-api/transformaciones/goku_ssj2.webp','6 Billion',1,NULL),
(3,'Goku SSJ3','/dragonball-api/transformaciones/goku_ssj3.webp','24 Billion',1,NULL),
(4,'Goku SSJ4','/dragonball-api/transformaciones/goku_ssj4.webp','2 Quadrillion',1,NULL),
(5,'Goku SSJB','/dragonball-api/transformaciones/goku_ssjb.webp','9 Quintillion',1,NULL),
(7,'Vegeta SSJ','/dragonball-api/transformaciones/vegeta ssj.webp','330.000.000',2,NULL),
(8,'Vegeta SSJ2','/dragonball-api/transformaciones/vegeta SSJ (2).webp','24 Billion',2,NULL),
(9,'Vegeta SSJ4','/dragonball-api/transformaciones/vegeta ssj4.webp','1.8 Trillion',2,NULL),
(10,'Vegeta SSJB','/dragonball-api/transformaciones/vegeta SSJB.webp','100 Quintillion',2,NULL),
(11,'Vegeta Mega Instinc Evil','/dragonball-api/transformaciones/vegeta mega instinto.webp','19.84 Septillion',2,NULL),
(12,'Piccolo Super Namekian','/dragonball-api/transformaciones/Piccolo super namekiano.webp','2.175 Billion',3,NULL),
(13,'Piccolo Orange','/dragonball-api/transformaciones/picolo orange.webp','41.25 Quintillion',3,NULL),
(14,'Freezer 2nd Form','/dragonball-api/transformaciones/freezer 2nd forma.webp','1.060.000',5,NULL),
(15,'Freezer 3rd Form','/dragonball-api/transformaciones/Freezer_3.webp','2.120.000',5,NULL),
(16,'Freezer Perfect Form','/dragonball-api/transformaciones/render_freezer_perfect_form_by_poh2000-d4n0ewd.webp','60.000.000',5,NULL),
(17,'Freezer Perfect Form (Golden)','/dragonball-api/transformaciones/freezer_gold.webp','100 Quintillion',5,NULL),
(18,'Zarbon Monster','/dragonball-api/transformaciones/zarbon monster.webp','30.000',6,NULL),
(19,'Imperfect Form','/dragonball-api/transformaciones/cell imperfect.webp','370.000.000',9,NULL),
(20,'Semi Perfect Form','/dragonball-api/transformaciones/Semi-Perfect_Cell.webp','897.000.000',9,NULL),
(21,'Super Perfect Form','/dragonball-api/transformaciones/cell perfect.webp','10.970.000.000',9,NULL),
(22,'Gohan SSJ','/dragonball-api/transformaciones/Gohan_joven_ssj2.webp','4.700.000.000',10,NULL),
(23,'Gohan SSJ2','/dragonball-api/transformaciones/gohan_ssj-removebg-preview.webp','10.200.000.000',10,NULL),
(24,'Gohan Ultimate','/dragonball-api/transformaciones/gohan_ultimate.webp','43.000.000.000',10,NULL),
(25,'Gohan Beast','/dragonball-api/transformaciones/beast_gohan___dragon_ball_super_super_hero_by_rmrlr2020_dfbqvta-pre.webp',' 25.6 Septillion',10,NULL),
(26,'Trunks SSJ','/dragonball-api/transformaciones/trunks_ssj-removebg-preview.webp','905.000.000',16,NULL),
(27,'Trunks SSJ2','/dragonball-api/transformaciones/trunks ssj2.webp','18.000.000.000',16,NULL),
(28,'Trunks SSJ3','/dragonball-api/transformaciones/trunks ssj3.webp','1.25 Billion',16,NULL),
(29,'Trunks Rage','/dragonball-api/transformaciones/trunks ssj iracundo.webp','17.5 Quintillion ',16,NULL),
(30,'Gotenks SSJ','/dragonball-api/transformaciones/gotenks ssj.webp','5.7 Billion',15,NULL),
(31,'Gotenks SSJ3','/dragonball-api/transformaciones/Gotenks_SSJ3.webp','45.6 Billion',15,NULL),
(32,'Super Buu','/dragonball-api/transformaciones/Super_Buu_Artwork.webp','5.670.000.000',32,NULL),
(33,'Majin Buu (Gotenks)','/dragonball-api/transformaciones/Gotenks-Buu-removebg-preview.webp','12.300.000.000',32,NULL),
(34,'Majin Buu (Gohan)','/dragonball-api/transformaciones/Super_Buu_Gohan_Absorbido.webp','14.800.000.000',32,NULL),
(35,'Majin Buu (Pure)','/dragonball-api/transformaciones/majin buu pure.webp','4.000.000.000',32,NULL),
(36,'Gogeta SSJ','/dragonball-api/transformaciones/gogeta.webp','6.3 sextillion',65,NULL),
(37,'Gogeta SSJ4','/dragonball-api/transformaciones/GOGETA SSJ4.webp','168 quadrillion',65,NULL),
(38,'Gogeta SSJB','/dragonball-api/transformaciones/gogeta SSJB.webp','12.6 septillion',65,NULL),
(39,'Gogeta SSJB Evolved','/dragonball-api/transformaciones/gogeta__bm__ssb_evolution___1__con_aura__by_ssjrose890_df682g0-fullview.webp','1.26 octillion',65,NULL),
(40,'Vegetto SSJ','/dragonball-api/transformaciones/Vegetto.webp','9 Trillion',66,NULL),
(41,'Vegetto SSJB','/dragonball-api/transformaciones/VEGITO SSJB.webp','10.8 Septillion',66,NULL),
(42,'Super Janemba','/dragonball-api/transformaciones/Super-Janemba_artwork_SDBH.webp','75 Billion',67,NULL),
(43,'Broly SSJ Legendary','/dragonball-api/transformaciones/Broly_Super_Saiyajin_Legendario_1.webp','11.2 Septillion',68,NULL),
(44,'Goku Ultra Instinc','/dragonball-api/transformaciones/goku_ultra.webp','90 Septillion',1,NULL)
;

-- Puedes ejecutar este script con:
-- psql "postgresql://Animeapi_owner:npg_ybLRT27GuwPV@ep-summer-glade-a8ixf8q4-pooler.eastus2.azure.neon.tech/Animeapi?sslmode=require" -f scripts/dragonball_pg.sql
